"coffee, chips, mineral water, night, store identity, hot beverage, snacks"
"coffee, hot beverage"
"coffee, cigarette, phone, football fan, store identity, smartphone, hot beverage"
"wefie, young group"
"coffee, cereal milk, bread, hot beverage, cold beverage"
"selfie, night"
"selfie, store identity"
"iced coffee, store identity, cold beverage"
"mineral water, store identity, hot beverage"
"adult group, wefie"
"wefie, adult group, store setting"
"mineral water, coffee, fried rice, store identity, hot beverage, food, hot beverage"
"backpacks, store identity"
"hotdog, hot beverage, eye glasses, store identity"
"wefie, adult group"
"wefie, young group"
"wefie, young group"
"coffee, store identity, hot beverage"
"store setting, store identity"
"store identity, store banner"
"young group, boys, cigarette, night"
"coffee, hot beverage"
"hotdog, fruit juice, store setting, cold beverage, food"
"selfie, earphone"
"store setting, store identity, waste"
selfie
selfie
fruit juice
"wefie, store identity, adult group, night, cigarette, juice, canned drink, mineral water, snacks, soft drinks, cold beverage"
"cigarette, soft drink, hotdog, food"
"bread, hot beverage, store setting, food"
"child, boy, soft drink, store setting, cold beverage"
"snacks, hot beverage"
"playing cards, coffee, hot beverage, boys, cigarette, smartphone, snacks"
diecast toy
"cup noodle, laptop, food"
hot beverage
"soft drink, store identity, cold beverage"
"bottled tea, cold beverage"
"bread, store identity, snacks"
"green tea, chicken katsu, soft drink, smartphone, self portrait, hot beverage, cold beverage, cigarette"
"self portrait, hot beverage, smartphone, cigarette, food"
"fruit juice, cold beverage, snacks"
"hot beverage, snacks, laptop, mineral water, smartphone, cold beverage"
"ice cream, food"
snacks
ice cream
