"self portrait, phones, store setting, cars"
"self portrait, backpacks, cold beverage, hot beverage, store setting, store identity"
"wefie, store identity, phones, bags, store setting"
"wefie, mineral water, cold beverage, store identity, sign, power bank, phones"
"selfie, store setting"
"wefie, store setting"
"selfie, store identity, cars, store setting"
"coffee, keys, wafers, cold beverage, snacks"
"group portrait, mineral water, plastic bags, chips, cold tea, cold beverage, tea, snacks, phones"
"group portrait, young group, store setting"
"selfie, store setting, young group, backpacks, laptop, mineral water, phones"
self portrait
selfie
"wefie, store setting"
"wefie, store setting"
"wefie, cold beverage, cars, store identity, store setting, garbage bin"
"selfie, hot beverage, store setting"
"group portrait, cigarette, mineral water, hot beverage, phones, motorbikes, store setting, store identity"
"sefie, phones, cigarette, hot beverage, chips, snacks, store setting, store identity"
"self portrait, cars"
"selfie, store setting"
"hot beverage, laptop, usb cable, phones"
"group selfie, cold beverage, snacks, chips, mineral water, store identity"
selfie
"group portrait, plastic bag, cold beverage, mineral water, chips, snacks"
group portrait
selfie
selfie


scenery portrait
selfie
"selfie, store setting"
selfie

wefie
"wefie, cold beverage, milk, chicken katsu, wafer, food, snacks, store setting"

"group portrait, cars, cold beverage, food, bags"
"self portrait, cigarette, cold drink, store setting"
"wefie, cars"
"wefie, store sign, store setting, chips, cold beverage, snacks, mineral water, store identity"
"hot beverage, chips, snacks, cigarette, store setting, cars"
"self portrait, store setting, motorbikes, laptop"
"wefie, store setting, store identity, water bottle"
"wefie, cold beverage, mineral water, phones, bottles, tissue"
"group portrait, store setting, cold beverage, mineral water, snacks"

"motorbikes, store identity, store setting"
selfie
