"self portrait, phone"
"self portrait, backpacks, cold drink, hot drink, store sign"
"group selfie, store sign, phone, bag"
group selfie
selfie
"selfie, store setting"
"selfie, store sign"
"coffee, keys, wafers"
"group portrait, mineral water, plastic bags, chips"
group portrait
"selfie, store setting"
self portrait
selfie
selfie
"selfie, store setting"
"selfie, cold drinks, store signs"
"selfie, hot drink"
"group portrait, cigarettes, mineral water, hot drinks, phones"
"group selgie, phone, cigarettes, hot drinks, chips"
"self portrait, car"
selfie
"hot drink, laptop, usb cable, phone"
"group selfie, cold drink, foods, chips"
selfie
"group portrait, plastic bag, cold drinks, mineral water, chips"
group portrait
selfie
selfie


scenery portrait
selfie
selfie
selfie

selfie
"selfie, cold drink, milk, chicken katsu, wafer, store setting"

"group portrait, car, cold drink, food"
"self portrait, cigarettes, cold drink"
group selfie
"group selfie, store sign, store setting, chips, cold drinks, mineral water"
"hot drink, chips, cigarettes"
"self portrait, store setting"
selfie
"group portrait, cold drinks, mineral water, phones"
"group portrait, store setting"

"community, store sign, parking lot"
selfie
